[
    {
        "AID": "EEEE10",
        "Vendor": "NFC Forum",
        "Country": "US",
        "Name": "NDEF Tag — Type 4 Version 1",
        "Description": "FID 03: Capability Container",
        "Type": "ndef"
    },
    {
        "AID": "000357",
        "Vendor": "LEGIC",
        "Country": "DE",
        "Name": "LEGIC",
        "Description": "FID 02: EF-CONF",
        "Type": "pacs"
    },
    {
        "AID": "1023F5",
        "Vendor": "Integrated Control Technology Limited [ICT]",
        "Country": "NZ",
        "Name": "ICT Access Credential",
        "Description": "Default Secondary Application",
        "Type": "pacs"
    },
    {
        "AID": "2081F4",
        "Vendor": "Gallagher Group Limited via PEC (New Zealand) Limited",
        "Country": "NZ",
        "Name": "Gallagher Security Credential",
        "Description": "Cardax Card Data Application (Alternative Endian)",
        "Type": "pacs"
    },
    {
        "AID": "2181F4",
        "Vendor": "Gallagher Group Limited via PEC (New Zealand) Limited",
        "Country": "NZ",
        "Name": "Gallagher Security Credential",
        "Description": "Cardax Card Data Application (Alternative Endian)",
        "Type": "pacs"
    },
    {
        "AID": "2281F4",
        "Vendor": "Gallagher Group Limited via PEC (New Zealand) Limited",
        "Country": "NZ",
        "Name": "Gallagher Security Credential",
        "Description": "Cardax Card Data Application (Alternative Endian)",
        "Type": "pacs"
    },
    {
        "AID": "2381F4",
        "Vendor": "Gallagher Group Limited via PEC (New Zealand) Limited",
        "Country": "NZ",
        "Name": "Gallagher Security Credential",
        "Description": "Cardax Card Data Application (Alternative Endian)",
        "Type": "pacs"
    },
    {
        "AID": "2481F4",
        "Vendor": "Gallagher Group Limited via PEC (New Zealand) Limited",
        "Country": "NZ",
        "Name": "Gallagher Security Credential",
        "Description": "Cardax Card Data Application (Alternative Endian)",
        "Type": "pacs"
    },
    {
        "AID": "2581F4",
        "Vendor": "Gallagher Group Limited via PEC (New Zealand) Limited",
        "Country": "NZ",
        "Name": "Gallagher Security Credential",
        "Description": "Cardax Card Data Application (Alternative Endian)",
        "Type": "pacs"
    },
    {
        "AID": "2681F4",
        "Vendor": "Gallagher Group Limited via PEC (New Zealand) Limited",
        "Country": "NZ",
        "Name": "Gallagher Security Credential",
        "Description": "Cardax Card Data Application (Alternative Endian)",
        "Type": "pacs"
    },
    {
        "AID": "2781F4",
        "Vendor": "Gallagher Group Limited via PEC (New Zealand) Limited",
        "Country": "NZ",
        "Name": "Gallagher Security Credential",
        "Description": "Cardax Card Data Application (Alternative Endian)",
        "Type": "pacs"
    },
    {
        "AID": "2881F4",
        "Vendor": "Gallagher Group Limited via PEC (New Zealand) Limited",
        "Country": "NZ",
        "Name": "Gallagher Security Credential",
        "Description": "Cardax Card Data Application (Alternative Endian)",
        "Type": "pacs"
    },
    {
        "AID": "2981F4",
        "Vendor": "Gallagher Group Limited via PEC (New Zealand) Limited",
        "Country": "NZ",
        "Name": "Gallagher Security Credential",
        "Description": "Cardax Card Data Application (Alternative Endian)",
        "Type": "pacs"
    },
    {
        "AID": "2A81F4",
        "Vendor": "Gallagher Group Limited via PEC (New Zealand) Limited",
        "Country": "NZ",
        "Name": "Gallagher Security Credential",
        "Description": "Cardax Card Data Application (Alternative Endian)",
        "Type": "pacs"
    },
    {
        "AID": "2B81F4",
        "Vendor": "Gallagher Group Limited via PEC (New Zealand) Limited",
        "Country": "NZ",
        "Name": "Gallagher Security Credential",
        "Description": "Cardax Card Data Application (Alternative Endian)",
        "Type": "pacs"
    },
    {
        "AID": "2C81F4",
        "Vendor": "Gallagher Group Limited via PEC (New Zealand) Limited",
        "Country": "NZ",
        "Name": "Gallagher Security Credential",
        "Description": "Unused Cardax Card Data Application (Alternative Endian)",
        "Type": "pacs"
    },
    {
        "AID": "2D81F4",
        "Vendor": "Gallagher Group Limited via PEC (New Zealand) Limited",
        "Country": "NZ",
        "Name": "Gallagher Security Credential",
        "Description": "Unused Cardax Card Data Application (Alternative Endian)",
        "Type": "pacs"
    },
    {
        "AID": "2E81F4",
        "Vendor": "Gallagher Group Limited via PEC (New Zealand) Limited",
        "Country": "NZ",
        "Name": "Gallagher Security Credential",
        "Description": "Unused Cardax Card Data Application (Alternative Endian)",
        "Type": "pacs"
    },
    {
        "AID": "2F81F4",
        "Vendor": "Gallagher Group Limited via PEC (New Zealand) Limited",
        "Country": "NZ",
        "Name": "Gallagher Security Credential",
        "Description": "Card Application Directory (CAD) (Alternative Endian)",
        "Type": "pacs"
    },
    {
        "AID": "4791DA",
        "Vendor": "Prima Systems",
        "Country": "SI",
        "Name": "Prima FlexAir Access Control",
        "Description": "FIDs 00: DRM; 01: Access Event Log; 04: Access Permissions",
        "Type": "pacs"
    },
    {
        "AID": "53494F",
        "Vendor": "HID",
        "Country": "US",
        "Name": "Access Control",
        "Description": "HID Factory",
        "Type": "pacs"
    },
    {
        "AID": "6F706C",
        "Vendor": "Openpath",
        "Country": "US",
        "Name": "Access control",
        "Description": "Openpath PACS Application",
        "Type": "pacs"
    },
    {
        "AID": "706000",
        "Vendor": "RBH Access Technologies, Inc.",
        "Country": "CA",
        "Name": "Access Control",
        "Description": "BlueLINE EV1 PACS Credential",
        "Type": "pacs"
    },
    {
        "AID": "D3494F",
        "Vendor": "HID",
        "Country": "US",
        "Name": "SIO DESFire EV1",
        "Description": "Field Encoder",
        "Type": "pacs"
    },
    {
        "AID": "D9494F",
        "Vendor": "HID",
        "Country": "US",
        "Name": "Access control",
        "Description": "Field Encoder",
        "Type": "pacs"
    },
    {
        "AID": "F48120",
        "Vendor": "Gallagher Group Limited via PEC (New Zealand) Limited",
        "Country": "NZ",
        "Name": "Gallagher Security Credential",
        "Description": "Cardax Card Data Application",
        "Type": "pacs"
    },
    {
        "AID": "F48121",
        "Vendor": "Gallagher Group Limited via PEC (New Zealand) Limited",
        "Country": "NZ",
        "Name": "Gallagher Security Credential",
        "Description": "Cardax Card Data Application",
        "Type": "pacs"
    },
    {
        "AID": "F48122",
        "Vendor": "Gallagher Group Limited via PEC (New Zealand) Limited",
        "Country": "NZ",
        "Name": "Gallagher Security Credential",
        "Description": "Cardax Card Data Application",
        "Type": "pacs"
    },
    {
        "AID": "F48123",
        "Vendor": "Gallagher Group Limited via PEC (New Zealand) Limited",
        "Country": "NZ",
        "Name": "Gallagher Security Credential",
        "Description": "Cardax Card Data Application",
        "Type": "pacs"
    },
    {
        "AID": "F48124",
        "Vendor": "Gallagher Group Limited via PEC (New Zealand) Limited",
        "Country": "NZ",
        "Name": "Gallagher Security Credential",
        "Description": "Cardax Card Data Application",
        "Type": "pacs"
    },
    {
        "AID": "F48125",
        "Vendor": "Gallagher Group Limited via PEC (New Zealand) Limited",
        "Country": "NZ",
        "Name": "Gallagher Security Credential",
        "Description": "Cardax Card Data Application",
        "Type": "pacs"
    },
    {
        "AID": "F48126",
        "Vendor": "Gallagher Group Limited via PEC (New Zealand) Limited",
        "Country": "NZ",
        "Name": "Gallagher Security Credential",
        "Description": "Cardax Card Data Application",
        "Type": "pacs"
    },
    {
        "AID": "F48127",
        "Vendor": "Gallagher Group Limited via PEC (New Zealand) Limited",
        "Country": "NZ",
        "Name": "Gallagher Security Credential",
        "Description": "Cardax Card Data Application",
        "Type": "pacs"
    },
    {
        "AID": "F48128",
        "Vendor": "Gallagher Group Limited via PEC (New Zealand) Limited",
        "Country": "NZ",
        "Name": "Gallagher Security Credential",
        "Description": "Cardax Card Data Application",
        "Type": "pacs"
    },
    {
        "AID": "F48129",
        "Vendor": "Gallagher Group Limited via PEC (New Zealand) Limited",
        "Country": "NZ",
        "Name": "Gallagher Security Credential",
        "Description": "Cardax Card Data Application",
        "Type": "pacs"
    },
    {
        "AID": "F4812A",
        "Vendor": "Gallagher Group Limited via PEC (New Zealand) Limited",
        "Country": "NZ",
        "Name": "Gallagher Security Credential",
        "Description": "Cardax Card Data Application",
        "Type": "pacs"
    },
    {
        "AID": "F4812B",
        "Vendor": "Gallagher Group Limited via PEC (New Zealand) Limited",
        "Country": "NZ",
        "Name": "Gallagher Security Credential",
        "Description": "Cardax Card Data Application",
        "Type": "pacs"
    },
    {
        "AID": "F4812C",
        "Vendor": "Gallagher Group Limited via PEC (New Zealand) Limited",
        "Country": "NZ",
        "Name": "Gallagher Security Credential",
        "Description": "Unused Cardax Card Data Application",
        "Type": "pacs"
    },
    {
        "AID": "F4812D",
        "Vendor": "Gallagher Group Limited via PEC (New Zealand) Limited",
        "Country": "NZ",
        "Name": "Gallagher Security Credential",
        "Description": "Unused Cardax Card Data Application",
        "Type": "pacs"
    },
    {
        "AID": "F4812E",
        "Vendor": "Gallagher Group Limited via PEC (New Zealand) Limited",
        "Country": "NZ",
        "Name": "Gallagher Security Credential",
        "Description": "Unused Cardax Card Data Application",
        "Type": "pacs"
    },
    {
        "AID": "F4812F",
        "Vendor": "Gallagher Group Limited via PEC (New Zealand) Limited",
        "Country": "NZ",
        "Name": "Gallagher Security Credential",
        "Description": "Card Application Directory (CAD)",
        "Type": "pacs"
    },
    {
        "AID": "F48EF1",
        "Vendor": "Salto Systems",
        "Country": "ES",
        "Name": "Salto Systems",
        "Description": "",
        "Type": "pacs"
    },
    {
        "AID": "F48EFD",
        "Vendor": "Salto Systems",
        "Country": "ES",
        "Name": "Salto KS",
        "Description": "Key as a Service // FID 01: Standard Data",
        "Type": "pacs"
    },
    {
        "AID": "F51BC0",
        "Vendor": "STid Group",
        "Country": "FR",
        "Name": "CCT Card / DTA Tag / PCG Fob",
        "Description": "STid Easyline / Architect Access Credetials",
        "Type": "pacs"
    },
    {
        "AID": "F52310",
        "Vendor": "Integrated Control Technology Limited [ICT]",
        "Country": "NZ",
        "Name": "ICT Access Credential",
        "Description": "Default Primary Application",
        "Type": "pacs"
    },
    {
        "AID": "F52318",
        "Vendor": "Integrated Control Technology Limited [ICT]",
        "Country": "NZ",
        "Name": "ICT Access Credential",
        "Description": "Default Custom Application",
        "Type": "pacs"
    },
    {
        "AID": "F5231E",
        "Vendor": "Integrated Control Technology Limited [ICT]",
        "Country": "NZ",
        "Name": "ICT Access Credential",
        "Description": "Interoperability Application",
        "Type": "pacs"
    },
    {
        "AID": "F5231F",
        "Vendor": "Integrated Control Technology Limited [ICT]",
        "Country": "NZ",
        "Name": "ICT Access Credential",
        "Description": "Third-Party Locking Application",
        "Type": "pacs"
    },
    {
        "AID": "F53280",
        "Vendor": "dormakaba",
        "Country": "CH",
        "Name": "mobile access",
        "Description": "Digital Keys Sent To The dormakaba mobile access App",
        "Type": "pacs"
    },
    {
        "AID": "F518F0",
        "Vendor": "Telenot Electronic GmbH",
        "Country": "DE",
        "Name": "Telenot Tag",
        "Description": "",
        "Type": "alarm system"
    },
    {
        "AID": "05845F",
        "Vendor": "InterCard GmbH Kartensysteme",
        "Country": "DE",
        "Name": "InterCard",
        "Description": "Campus Card",
        "Type": "student"
    },
    {
        "AID": "15845F",
        "Vendor": "InterCard GmbH Kartensysteme",
        "Country": "DE",
        "Name": "InterCard",
        "Description": "Campus Card",
        "Type": "student"
    },
    {
        "AID": "25845F",
        "Vendor": "InterCard GmbH Kartensysteme",
        "Country": "DE",
        "Name": "InterCard",
        "Description": "Campus Card",
        "Type": "student"
    },
    {
        "AID": "3086F5",
        "Vendor": "CNOUS/CROUS via MONECARTE",
        "Country": "FR",
        "Name": "European Student Card (ESC)",
        "Description": "Multiservice Student Card",
        "Type": "student"
    },
    {
        "AID": "35845F",
        "Vendor": "InterCard GmbH Kartensysteme",
        "Country": "DE",
        "Name": "InterCard",
        "Description": "Campus Card",
        "Type": "student"
    },
    {
        "AID": "4085F5",
        "Vendor": "CNOUS/CROUS via MONECARTE",
        "Country": "FR",
        "Name": "European Student Card (ESC)",
        "Description": "Multiservice Student Card",
        "Type": "student"
    },
    {
        "AID": "535501",
        "Vendor": "TU Delft",
        "Country": "NL",
        "Name": "Uni Delft",
        "Description": "",
        "Type": "student"
    },
    {
        "AID": "535502",
        "Vendor": "TU Delft",
        "Country": "NL",
        "Name": "Uni Delft",
        "Description": "",
        "Type": "student"
    },
    {
        "AID": "535503",
        "Vendor": "TU Delft",
        "Country": "NL",
        "Name": "Uni Delft",
        "Description": "",
        "Type": "student"
    },
    {
        "AID": "535504",
        "Vendor": "TU Delft",
        "Country": "NL",
        "Name": "Uni Delft",
        "Description": "",
        "Type": "student"
    },
    {
        "AID": "535505",
        "Vendor": "TU Delft",
        "Country": "NL",
        "Name": "Uni Delft",
        "Description": "",
        "Type": "student"
    },
    {
        "AID": "535506",
        "Vendor": "TU Delft",
        "Country": "NL",
        "Name": "Uni Delft",
        "Description": "",
        "Type": "student"
    },
    {
        "AID": "535507",
        "Vendor": "TU Delft",
        "Country": "NL",
        "Name": "Uni Delft",
        "Description": "",
        "Type": "student"
    },
    {
        "AID": "535508",
        "Vendor": "TU Delft",
        "Country": "NL",
        "Name": "Uni Delft",
        "Description": "",
        "Type": "student"
    },
    {
        "AID": "535509",
        "Vendor": "TU Delft",
        "Country": "NL",
        "Name": "Uni Delft",
        "Description": "",
        "Type": "student"
    },
    {
        "AID": "53550A",
        "Vendor": "TU Delft",
        "Country": "NL",
        "Name": "Uni Delft",
        "Description": "",
        "Type": "student"
    },
    {
        "AID": "53550B",
        "Vendor": "TU Delft",
        "Country": "NL",
        "Name": "Uni Delft",
        "Description": "",
        "Type": "student"
    },
    {
        "AID": "554E49",
        "Vendor": "Slovenian Universities",
        "Country": "SI",
        "Name": "Slovenian University Student ID",
        "Description": "Issued by University of Ljubljana, Maribor and Primorska",
        "Type": "student"
    },
    {
        "AID": "55845F",
        "Vendor": "InterCard GmbH Kartensysteme",
        "Country": "DE",
        "Name": "InterCard",
        "Description": "Campus Card",
        "Type": "student"
    },
    {
        "AID": "65845F",
        "Vendor": "InterCard GmbH Kartensysteme",
        "Country": "DE",
        "Name": "InterCard",
        "Description": "Campus Card",
        "Type": "student"
    },
    {
        "AID": "7086F5",
        "Vendor": "CNOUS/CROUS via MONECARTE",
        "Country": "FR",
        "Name": "European Student Card (ESC)",
        "Description": "Multiservice Student Card",
        "Type": "student"
    },
    {
        "AID": "75845F",
        "Vendor": "InterCard GmbH Kartensysteme",
        "Country": "DE",
        "Name": "InterCard",
        "Description": "Campus Card",
        "Type": "student"
    },
    {
        "AID": "9180F3",
        "Vendor": "CNOUS/CROUS via MONECARTE",
        "Country": "FR",
        "Name": "European Student Card (ESC)",
        "Description": "Multiservice Student Card",
        "Type": "student"
    },
    {
        "AID": "A086F5",
        "Vendor": "CNOUS/CROUS via MONECARTE",
        "Country": "FR",
        "Name": "European Student Card (ESC)",
        "Description": "Multiservice Student Card",
        "Type": "student"
    },
    {
        "AID": "BBBBB3",
        "Vendor": "Transact Campus Inc.",
        "Country": "US",
        "Name": "Transact Campus ID",
        "Description": "Campus Card",
        "Type": "student"
    },
    {
        "AID": "BBBBBB",
        "Vendor": "Transact Campus Inc.",
        "Country": "US",
        "Name": "Transact Campus ID",
        "Description": "Campus Card",
        "Type": "student"
    },
    {
        "AID": "BBBBDA",
        "Vendor": "Transact Campus Inc.",
        "Country": "US",
        "Name": "Transact Campus ID",
        "Description": "Campus Card",
        "Type": "student"
    },
    {
        "AID": "BCBCBC",
        "Vendor": "Transact Campus Inc.",
        "Country": "US",
        "Name": "Transact Campus ID",
        "Description": "Campus Card",
        "Type": "student"
    },
    {
        "AID": "F48EF1",
        "Vendor": "TU Delft",
        "Country": "NL",
        "Name": "Uni Delft",
        "Description": "",
        "Type": "student"
    },
    {
        "AID": "F5217D",
        "Vendor": "TU Delft",
        "Country": "NL",
        "Name": "Uni Delft",
        "Description": "",
        "Type": "student"
    },
    {
        "AID": "F88280",
        "Vendor": "TU Delft",
        "Country": "NL",
        "Name": "Uni Delft",
        "Description": "",
        "Type": "student"
    },
    {
        "AID": "27E178",
        "Vendor": "Disney",
        "Country": "US",
        "Name": "Disney MagicBand",
        "Description": "",
        "Type": "payment system"
    },
    {
        "AID": "44434C",
        "Vendor": "Disney",
        "Country": "US",
        "Name": "Disney MagicBand",
        "Description": "AID found on MagicBand desfire cards",
        "Type": "payment system"
    },
    {
        "AID": "78E127",
        "Vendor": "Disney",
        "Country": "US",
        "Name": "Disney MagicBand",
        "Description": "",
        "Type": "payment system"
    },
    {
        "AID": "956B19",
        "Vendor": "Alfa-Zet",
        "Country": "BE",
        "Name": "ping.ping Tag",
        "Description": "ping.ping App 1",
        "Type": "payment system"
    },
    {
        "AID": "DB9800",
        "Vendor": "Alfa-Zet",
        "Country": "BE",
        "Name": "ping.ping Tag",
        "Description": "ping.ping App 2",
        "Type": "payment system"
    },
    {
        "AID": "DB9801",
        "Vendor": "Alfa-Zet",
        "Country": "BE",
        "Name": "ping.ping Tag",
        "Description": "ping.ping App 3",
        "Type": "payment system"
    },
    {
        "AID": "DB9802",
        "Vendor": "Alfa-Zet",
        "Country": "BE",
        "Name": "ping.ping Tag",
        "Description": "ping.ping App 4",
        "Type": "payment system"
    },
    {
        "AID": "F38091",
        "Vendor": "Microtronic AG",
        "Country": "CH",
        "Name": "Microtronic Tag",
        "Description": "",
        "Type": "payment system"
    },
    {
        "AID": "C26001",
        "Vendor": "car2go",
        "Country": "DE",
        "Name": "MemberCard",
        "Description": "car2go - Member Card // Multi Functional Badge / Private Application #1",
        "Type": "carsharing"
    },
    {
        "AID": "000001",
        "Vendor": "Invalid / Reserved",
        "Country": "",
        "Name": "Invalid / Reserved",
        "Description": "Used by ATL Breeze, MAD Public Transport Card, and YVR Compass",
        "Type": "transport"
    },
    {
        "AID": "0000F0",
        "Vendor": "Metropolitan Transportation Authority (MTA)",
        "Country": "US",
        "Name": "OMNY (One Metro New York) (JFK)",
        "Description": "JFK OMNY (One Metro New York) Card",
        "Type": "transport"
    },
    {
        "AID": "002000",
        "Vendor": "Metrolinx",
        "Country": "CA",
        "Name": "PRESTO Card (YYZ/YHM/YOW)",
        "Description": "FIDs 00,0F: Backup Data; 08-0E,10-14: Standard Data",
        "Type": "transport"
    },
    {
        "AID": "010000",
        "Vendor": "Consorcio Regional de Transportes Públicos Regulares de Madrid (CRTM)",
        "Country": "ES",
        "Name": "Tarjeta Transporte Publico (MAD) (Alternative Endian)",
        "Description": "MAD Public Transport Card (Alternative Endian)",
        "Type": "transport"
    },
    {
        "AID": "012242",
        "Vendor": "Belbim",
        "Country": "TR",
        "Name": "İstanbulkart (IST)",
        "Description": "IST Istanbul Card (eBilet App)",
        "Type": "transport"
    },
    {
        "AID": "014D44",
        "Vendor": "Delhi Metro Rail Corporation Limited",
        "Country": "IN",
        "Name": "Delhi Metro Travel Card (DEL)",
        "Description": "DEL Delhi Metro App 1",
        "Type": "transport"
    },
    {
        "AID": "015342",
        "Vendor": "Bangkok Expressway and Metro Public Limited Company (BEM)",
        "Country": "TH",
        "Name": "MRT Stored Value Card (BKK)",
        "Description": "Might also be used by BKK MRT Plus and/or BKK Park & Ride Plus Cards",
        "Type": "transport"
    },
    {
        "AID": "024D44",
        "Vendor": "Delhi Metro Rail Corporation Limited",
        "Country": "IN",
        "Name": "Delhi Metro Travel Card (DEL)",
        "Description": "DEL Delhi Metro App 2",
        "Type": "transport"
    },
    {
        "AID": "034D44",
        "Vendor": "Delhi Metro Rail Corporation Limited",
        "Country": "IN",
        "Name": "Delhi Metro Travel Card (DEL)",
        "Description": "DEL Delhi Metro App 3",
        "Type": "transport"
    },
    {
        "AID": "044D44",
        "Vendor": "Delhi Metro Rail Corporation Limited",
        "Country": "IN",
        "Name": "Delhi Metro Travel Card (DEL)",
        "Description": "DEL Delhi Metro App 4",
        "Type": "transport"
    },
    {
        "AID": "052242",
        "Vendor": "Belbim",
        "Country": "TR",
        "Name": "İstanbulkart (IST)",
        "Description": "IST Istanbul Card (ISPARK App)",
        "Type": "transport"
    },
    {
        "AID": "054D44",
        "Vendor": "Delhi Metro Rail Corporation Limited",
        "Country": "IN",
        "Name": "Delhi Metro Travel Card (DEL)",
        "Description": "DEL Delhi Metro App 5",
        "Type": "transport"
    },
    {
        "AID": "062242",
        "Vendor": "Belbim",
        "Country": "TR",
        "Name": "İstanbulkart (IST)",
        "Description": "IST Istanbul Card (App 6)",
        "Type": "transport"
    },
    {
        "AID": "064D44",
        "Vendor": "Delhi Metro Rail Corporation Limited",
        "Country": "IN",
        "Name": "Delhi Metro Travel Card (DEL)",
        "Description": "DEL Delhi Metro App 6",
        "Type": "transport"
    },
    {
        "AID": "074D44",
        "Vendor": "Delhi Metro Rail Corporation Limited",
        "Country": "IN",
        "Name": "Delhi Metro Travel Card (DEL)",
        "Description": "DEL Delhi Metro App 7",
        "Type": "transport"
    },
    {
        "AID": "087522",
        "Vendor": "Umo Mobility via Cubic Transportation Systems",
        "Country": "US",
        "Name": "Umo Mobility Card",
        "Description": "Umo Mobility Card",
        "Type": "transport"
    },
    {
        "AID": "2211AF",
        "Vendor": "National Transport Authority",
        "Country": "IE",
        "Name": "TFI Leap Card (DUB)",
        "Description": "DUB Leap Card // Transport for Ireland // FIDs: 01,1F: Backup Data; 02-0A: Standard Data",
        "Type": "transport"
    },
    {
        "AID": "4F5931",
        "Vendor": "Transport for London (TfL)",
        "Country": "UK",
        "Name": "Oyster Card (LHR)",
        "Description": "FIDs: 00-07: Standard Data",
        "Type": "transport"
    },
    {
        "AID": "534531",
        "Vendor": "Transport for New South Wales (TfNSW)",
        "Country": "AU",
        "Name": "Opal Card (SYD)",
        "Description": "FIDs 00-06: Standard Data; 07: Card Balance/Number and Trip History",
        "Type": "transport"
    },
    {
        "AID": "554000",
        "Vendor": "Auckland Transport",
        "Country": "NZ",
        "Name": "AT HOP Card (AKL)",
        "Description": "FIDs: 00: Backup Data; 08/09/0A",
        "Type": "transport"
    },
    {
        "AID": "578000",
        "Vendor": "Norwegian Public Roads Administration (NPRA)",
        "Country": "NO",
        "Name": "NORTIC (Norway Public Transport Card)",
        "Description": "Norwegian Ticketing Interoperable Concept // FID 0C: Card Issuer Header",
        "Type": "transport"
    },
    {
        "AID": "578001",
        "Vendor": "Norwegian Public Roads Administration (NPRA)",
        "Country": "NO",
        "Name": "NORTIC (Norway Public Transport Card)",
        "Description": "FIDs 01: Product Retailer; 02: Service Provider; 03: Special Event; 04: Stored Value; 05: General Event Log; 06: SV Reload Log; 0A: Environment; 0C: Card Holder",
        "Type": "transport"
    },
    {
        "AID": "634000",
        "Vendor": "Doha Metro and Lusail Tram via Qatar Rail",
        "Country": "QA",
        "Name": "Travel Pass (DOH)",
        "Description": "DOH Standard / goldclub Travel Passes // FIDs 00,04-06: Standard; 01-03,17: Backup; 07-16,18: Value; 19: Cyclic; 1A: Linear",
        "Type": "transport"
    },
    {
        "AID": "677F8E",
        "Vendor": "Umo Mobility via Cubic Transportation Systems",
        "Country": "US",
        "Name": "Umo Mobility Card",
        "Description": "Umo Mobility Card",
        "Type": "transport"
    },
    {
        "AID": "784000",
        "Vendor": "Roads & Transport Authority (Government of Dubai)",
        "Country": "AE",
        "Name": "nol Card (DXB)",
        "Description": "DXB nol Card",
        "Type": "transport"
    },
    {
        "AID": "992CB5",
        "Vendor": "Umo Mobility via Cubic Transportation Systems",
        "Country": "US",
        "Name": "Umo Mobility Card",
        "Description": "Umo Mobility Card",
        "Type": "transport"
    },
    {
        "AID": "A00216",
        "Vendor": "ITSO Ltd",
        "Country": "UK",
        "Name": "EMR Smartcard (EMA) / GWR touch (BRS)",
        "Description": "ITSO Public Transport Application // Provision of Citizen Services #0",
        "Type": "transport"
    },
    {
        "AID": "A4237D",
        "Vendor": "Umo Mobility via Cubic Transportation Systems",
        "Country": "US",
        "Name": "Umo Mobility Card",
        "Description": "Umo Mobility Card",
        "Type": "transport"
    },
    {
        "AID": "C65B80",
        "Vendor": "Umo Mobility via Cubic Transportation Systems",
        "Country": "US",
        "Name": "Umo Mobility Card",
        "Description": "Umo Mobility Card",
        "Type": "transport"
    },
    {
        "AID": "CA3490",
        "Vendor": "Urban Mobility Center",
        "Country": "BG",
        "Name": "Sofia City Card (SOF)",
        "Description": "SOF Sofia City Card",
        "Type": "transport"
    },
    {
        "AID": "EF2011",
        "Vendor": "Helsinki Region Transport (HRT)",
        "Country": "FI",
        "Name": "HSL Card (HEL/TLL/TAY)",
        "Description": "HEL/TLL/TAY HSL Card",
        "Type": "transport"
    },
    {
        "AID": "F001D0",
        "Vendor": "Arabako Foru Aldundia",
        "Country": "ES",
        "Name": "BAT Card (VIT)",
        "Description": "VIT BAT Card // Used on Euskotren // Interoperable PT Card",
        "Type": "transport"
    },
    {
        "AID": "F206B0",
        "Vendor": "Adelaide Metro via Affiliated Computer Services (ACS)",
        "Country": "AU",
        "Name": "metroCARD (ADL)",
        "Description": "FIDs 00,02-07,09-0B,10-17,1B-1C: Backup Data; 01,1D: Linear Record File; 08: ABNote/HID Adelaide; 1E: Standard Data; 0C-0F: Card Balance",
        "Type": "transport"
    },
    {
        "AID": "F21030",
        "Vendor": "Puget Sound Transit Agencies via Vix Technologies",
        "Country": "US",
        "Name": "ORCA (One Regional Card for All) (SEA)",
        "Description": "One Regional Card For All // FIDs 02: Trip History; 04: current balance",
        "Type": "transport"
    },
    {
        "AID": "F21050",
        "Vendor": "Metro Christchurch via INIT",
        "Country": "NZ",
        "Name": "Metrocard (CHC)",
        "Description": "FIDs: 00: Backup Data; 01/02: Trip History; 03: Card Balance",
        "Type": "transport"
    },
    {
        "AID": "F210E0",
        "Vendor": "TriMet",
        "Country": "US",
        "Name": "Hop Fastpass (PDX)",
        "Description": "PDX Hop Card",
        "Type": "transport"
    },
    {
        "AID": "F210F0",
        "Vendor": "Public Transport Victoria (PTV) via Conduent (formerly via Keane Australia Pty Ltd)",
        "Country": "AU",
        "Name": "myki (MEL)",
        "Description": "FIDs 01-02: Transaction History; 03: myki money Balance; 00,04-05: Backup Data; 08-0C,0F: Standard Data",
        "Type": "transport"
    },
    {
        "AID": "F21100",
        "Vendor": "Public Transport Victoria (PTV) via Conduent (formerly via Keane Australia Pty Ltd)",
        "Country": "AU",
        "Name": "myki (MEL)",
        "Description": "FIDs 0F: Standard Data; 00: Backup Data",
        "Type": "transport"
    },
    {
        "AID": "F21150",
        "Vendor": "Prague Public Transit Company via Haguess a.s.",
        "Country": "CZ",
        "Name": "Lítačka Opencard (PRG)",
        "Description": "PRG Lítačka Opencard",
        "Type": "transport"
    },
    {
        "AID": "F21190",
        "Vendor": "Metropolitan Transportation Commission via Cubic",
        "Country": "US",
        "Name": "Clipper Card (SFO)",
        "Description": "FIDs 02: Card Balance; 04: Refill History; 08: Card Information; 0E: Trip History",
        "Type": "transport"
    },
    {
        "AID": "F21360",
        "Vendor": "INIT",
        "Country": "US",
        "Name": "HOLO Card (HNL)",
        "Description": "HNL HOLO Card",
        "Type": "transport"
    },
    {
        "AID": "F21381",
        "Vendor": "Chicago Transit Authority (CTA) via Cubic",
        "Country": "US",
        "Name": "Ventra Card (ORD)",
        "Description": "ORD Ventra Card [Gen 2 Blue] // Multi-Modal Transit #1 // FIDs 00-01: Standard Data",
        "Type": "transport"
    },
    {
        "AID": "F21390",
        "Vendor": "Multiple NZ Transit Agencies via Otago Regional Council",
        "Country": "NZ",
        "Name": "Bee Card (DUD)",
        "Description": "Multi-Modal Transit #0 // FIDs 00: Backup Data; 01-02: Trip History; 03: Card Balance",
        "Type": "transport"
    },
    {
        "AID": "F213A0",
        "Vendor": "Rhode Island Public Transport Authority (RIPTA) via INIT",
        "Country": "US",
        "Name": "Wave Smart Card (PVD)",
        "Description": "PVD Wave Smart Card",
        "Type": "transport"
    },
    {
        "AID": "F213F0",
        "Vendor": "Puget Sound Transit Agencies via Vix Technologies",
        "Country": "US",
        "Name": "ORCA (One Regional Card for All) (SEA)",
        "Description": "One Regional Card for All // FIDs 00: Standard Data; 01: Backup Data",
        "Type": "transport"
    },
    {
        "AID": "F40110",
        "Vendor": "ITSO Ltd",
        "Country": "UK",
        "Name": "EMR Smartcard (EMA) / GWR touch (BRS)",
        "Description": "UK National Smartcard Project // Provision of Citizen Services #1",
        "Type": "transport"
    },
    {
        "AID": "F40111",
        "Vendor": "ITSO Ltd",
        "Country": "UK",
        "Name": "EMR Smartcard (EMA) / GWR touch (BRS)",
        "Description": "UK National Smartcard Project // Provision of Citizen Services #2",
        "Type": "transport"
    },
    {
        "AID": "F40112",
        "Vendor": "ITSO Ltd",
        "Country": "UK",
        "Name": "EMR Smartcard (EMA) / GWR touch (BRS)",
        "Description": "UK National Smartcard Project // Provision of Citizen Services #3",
        "Type": "transport"
    },
        {
        "AID": "F40113",
        "Vendor": "ITSO Ltd",
        "Country": "UK",
        "Name": "EMR Smartcard (EMA) / GWR touch (BRS)",
        "Description": "UK National Smartcard Project // Provision of Citizen Services #4",
        "Type": "transport"
    },
    {
        "AID": "FF30FF",
        "Vendor": "Metrolinx",
        "Country": "CA",
        "Name": "PRESTO Card (YYZ/YHM/YOW)",
        "Description": "FID 08: Standard Data",
        "Type": "transport"
    },
    {
        "AID": "FFFFFF",
        "Vendor": "Reserved for Future Use",
        "Country": "",
        "Name": "Reserved for Future Use",
        "Description": "Used by AKL AT HOP, DXB nol, and SEA ORCA",
        "Type": "transport"
    }
]
